uuid,firstName,lastName,phone,email(s)
0db44946-5222-4ed7-b7b8-5135e9c6c8ad,Chicky,Taylor,415-206-4219,ctaylor0@clickbank.net
9ab5d23f-10ad-4ada-87f5-629350ee4745,Jeromy,Pyson,591-224-2675,jpyson1@printfriendly.com
a2a5f2b0-f837-439c-a84c-c9035e200639,Nanci,Billsberry,207-892-0360,nbillsberry2@acquirethisname.com
f4aded20-4f1d-4c8c-b53a-326ae02e1680,Dre,Tyght,995-663-8297,dtyght3@mac.com
856dc775-5d6a-4fd3-b30a-95b29200df17,Sophey,Parsonage,861-268-4019,sparsonage4@lulu.com
818f0bf9-52b3-428a-9938-9fc0e4e54745,Cyrus,Donnison,856-550-2033,cdonnison5@angelfire.com
32edb692-9505-41c6-a911-c86c48964d78,Somerset,Fiddymont,678-660-3238,sfiddymont6@live.com
26a73383-952b-47bf-867d-01f673d03dd0,Ikey,Dobbin,259-857-6520,idobbin7@1und1.de
7ed27cbc-9a16-41ec-8908-0bb7d4a87295,Gunter,Whatling,854-128-5462,gwhatling8@odnoklassniki.ru
30f59169-018e-45fc-a21d-05997932d3aa,Effie,Rookeby,627-630-8056,erookeby9@typepad.com
7c6d1921-c7e2-47e0-8741-d20a6df90cea,Corrianne,Nilles,221-100-8754,cnillesa@google.it
f3a6b060-9517-4c6b-b3ba-1009e85749c2,Agna,Naisbet,291-118-3451,anaisbetb@umn.edu
3cdf6f2a-7d1b-4e98-baa5-d0c00cdcbde4,Rosalinde,Walkowski,961-668-5802,rwalkowskic@tinyurl.com
2e00aee0-0703-4eca-b72b-d9ad612110b3,Rafferty,Marl,598-140-7351,rmarld@army.mil
59317a55-1df5-45f3-a723-394fc6b67bba,Marge,Traice,654-677-9624,mtraicee@google.pl
2ebc891e-da7c-4ecd-9305-0e71123b6d4b,Frances,Bolf,194-868-1864,fbolff@uol.com.br
3dbff5a0-217c-4120-9b2b-d7052a23fb31,Modestine,Harbron,972-847-0616,mharbrong@purevolume.com
d45aef00-f022-4ba1-87c6-e49ccc8c6f05,Robbyn,Merrill,204-329-4233,rmerrillh@ebay.com
c4e7d7d5-b871-4e98-ab28-7ff2748566d6,Talyah,Ferns,457-826-6305,tfernsi@fema.gov
4697cf13-3576-4662-8c40-d4f0b60a83d3,Cicely,Kearsley,465-760-2280,ckearsleyj@addtoany.com
0cc4716e-a4d3-4eed-b227-eeebed9348be,Prue,Hacon,558-192-8152,phaconk@thetimes.co.uk
ea3fd93a-0d44-40d9-a61b-d99659b905a1,Alicia,Sparham,888-108-0125,asparhaml@t-online.de
31153f25-b8dc-4656-8f66-3a07f33f699b,Giles,Upfold,522-752-9471,gupfoldm@usnews.com
e3de1cc8-4661-4c1c-a027-8f5b892e09fc,Antonin,Emmens,700-484-1357,aemmensn@theguardian.com
bf298bca-fc6f-4694-87fb-37896ecedaec,Brande,Whiteland,122-430-4741,bwhitelando@mashable.com
